							
大項目	中項目	小項目	修正前	修正後	対応要否	コメント（あれば）	修正内容
Chapter 0	2. ヒアリングにおける観点とそのやりかた	はじめに	これはサンプルです！	これはサンプルです！このように、修正前と修正後の内容を分けて入れてください！	完了		
基本機能編_完全手順書	Part 1: 要件定義書	1. システム概要:技術スタック	サーバーサイド/PHP/8.2	サーバーサイド/PHP/8.5	完了	模範解答のバージョンがこちらのような気がします。\nまた模範解答のバージョンで合わせるなら、構築時のインストールのバージョンも合わせてご確認いただきたいです。よろしくお願いいたします。	Part 1 技術スタックの PHP バージョンを 8.2 → 8.5 に更新
基本機能編_完全手順書	Part 1: 要件定義書	1. システム概要:技術スタック	データベース/MySQL/8.0+	データベース/MySQL/8.4+	完了	模範解答のバージョンがこちらのような気がします。\nまた模範解答のバージョンで合わせるなら、構築時のインストールのバージョンも合わせてご確認いただきたいです。よろしくお願いいたします。	Part 1 技術スタックの MySQL バージョンを 8.0+ → 8.4+ に更新
基本機能編_完全手順書	3. テーブル仕様書	3.1. ER図	genres1対book_genre0または多	genres1対book_genre1または多	完了	book登録時にbook_genreレコードは必ず1件以上登録されるため	Part 1 ER図のカーディナリティを genres ||--o{ → genres ||--|{ book_genre に更新（1対多に変更）
基本機能編_完全手順書	3. テーブル仕様書/3.2. テーブル定義	users/主要カラム	id, name, email, password	id, name, email(unique), password	対応不要	備考にLaravel標準とあるので、対応不要でも大丈夫です。	採点者「対応不要でも大丈夫」と明記。users テーブルの email unique は Laravel 標準で別途明記不要のためスルー
基本機能編_完全手順書	3. テーブル仕様書/3.2. テーブル定義	books/主要カラム	id, user_id(FK), title, author, isbn(NOT NULL/unique), published_date(NOT NULL), description, image_url	id, user_id(FK), title, author, isbn(NOT NULL/unique), published_date(NOT NULL), description(nullable), image_url(nullable)	完了		Part 1 テーブル定義 books に description(nullable)、image_url(nullable) を明記
基本機能編_完全手順書	3. テーブル仕様書/3.2. テーブル定義	book_genre/備考	中間テーブル、複合主キー(book_id, genre_id)、timestamps なし	中間テーブル、複合主キー(book_id, genre_id)、timestamps なし、book_id CASCADE、genre_id CASCADE	完了		Part 1 テーブル定義 book_genre 備考に book_id CASCADE、genre_id CASCADE を追記
基本機能編_完全手順書	3. テーブル仕様書/3.2. テーブル定義	reviews/主要カラム	id, user_id(FK), book_id(FK), rating(tinyInt), comment(NOT NULL)	id, user_id(FK), book_id(FK), rating(tinyInt), comment	完了		Part 1 テーブル定義 reviews 主要カラム comment(NOT NULL) → comment に変更（NOT NULL 注釈削除）
基本機能編_完全手順書	3. テーブル仕様書/3.2. テーブル定義	reviews/備考	CASCADE	user_id CASCADE、book_id CASCADE	完了		Part 1 テーブル定義 reviews 備考を 'CASCADE' → 'user_id CASCADE、book_id CASCADE' に変更
基本機能編_完全手順書	3. テーブル仕様書/3.2. テーブル定義	favorites/備考	中間テーブル、複合主キー(user_id, book_id)、timestamps なし	中間テーブル、複合主キー(user_id, book_id)、timestamps なし、user_id CASCADE、book_id CASCADE	完了		Part 1 テーブル定義 favorites 備考に user_id CASCADE、book_id CASCADE を追記
基本機能編_完全手順書	3. テーブル仕様書/3.2. テーブル定義	review_likes/備考	中間テーブル、複合主キー(user_id, review_id)、timestamps なし	中間テーブル、複合主キー(user_id, review_id)、timestamps なし、user_id CASCADE、review_id CASCADE	完了		Part 1 テーブル定義 review_likes 備考に user_id CASCADE、review_id CASCADE を追記
基本機能編_完全手順書	Part 2: 実装手順書	1.5. Sailの起動とAPP_KEY生成		⚠️ Apple Silicon (M1/M2) Macをお使いの方へ\n\n./vendor/bin/sail up -d 実行時に、MySQLやphpMyAdminのコンテナでプラットフォームエラーが発生する場合があります。その場合は、compose.yaml の該当サービスに以下の設定を追加してください。\n\nplatform: linux/amd64\n例えば、mysql サービスと phpmyadmin サービスそれぞれの image: の下に追記します。	対応不要	こちらは要件にはあるので、なくても大丈夫です。必要に応じて追加していただけたらと思います。	採点者「要件にはあるので、なくても大丈夫」と明記。Apple Silicon 注記は完全手順書には追加しない（要件側で言及されているため）
基本機能編_完全手順書	Part 2: 実装手順書	1.6. フロントエンドのセットアップ	sail npm install\nsail npm install alpinejs	sail npm install\nsail npm install alpinejs\nsail npm install -D tailwindcss@^3.4.0 @tailwindcss/forms postcss autoprefixer\nsail npx tailwindcss init -p	完了	・Tailwind CSSと @tailwindcss/forms プラグインのインストール\nsail npm install -D tailwindcss@^3.4.0 @tailwindcss/forms postcss autoprefixer\n\n・設定ファイルの生成\nsail npx tailwindcss init -p\n\n上記2点を追加	Step 1.6 フロントエンドのセットアップに Tailwind CSS インストールコマンドを追加：sail npm install -D tailwindcss@^3.4.0 @tailwindcss/forms postcss autoprefixer / sail npx tailwindcss init -p
基本機能編_完全手順書	Part 2: 実装手順書	1.6. フロントエンドのセットアップ	resources/js/app.js:\nimport './bootstrap';\nimport Alpine from 'alpinejs';\nwindow.Alpine = Alpine;\nAlpine.start();		完了	特に問題があるわけではありませんが、模範解答にも要件100％にも\nimport './bootstrap';\nの記述がありませんでした。\n合わせるという視点からの明記ですので、問題なければスルーでお願いいたします。	Step 1.6 app.js から import './bootstrap'; を削除（模範解答・要件100% と整合）
基本機能編_完全手順書	Step 1: 環境構築とプロジェクト作成	1.7. 日本語バリデーションメッセージの準備/lang/ja/validation.php	<?php\n\nreturn [\n    'min' => [\n        'string' => ':attributeは:min文字以上で入力してください。',\n    ],\n\n    'attributes' => [\n        'name' => 'お名前',\n        'email' => 'メールアドレス',\n        'password' => 'パスワード',\n    ],\n];	<?php\n\nreturn [\n    'required' => ':attributeを入力してください。',\n    'email' => ':attributeはメール形式で入力してください。',\n    'confirmed' => ':attributeと一致しません。',\n    'unique' => 'その:attributeは既に使用されています。',\n    'min' => [\n        'string' => ':attributeは:min文字以上で入力してください。',\n    ],\n\n    'attributes' => [\n        'name' => 'お名前',\n        'email' => 'メールアドレス',\n        'password' => 'パスワード',\n    ],\n];	完了	The メールアドレス field is required.\nとなるので修正をお願いします。	Step 1.7 validation.php に required / email / confirmed / unique の 4 翻訳メッセージを追加
基本機能編_完全手順書	Step 2: データベース設計とマイグレーション	2.1. database/migrations/xxxx_create_books_table.php	ポイント: 基本版では isbn は NOT NULL（nullable() なし）、published_date も NOT NULL。外部キーの削除は onDelete('cascade') を使用する。クロージャのパラメータに : void 型宣言は不要。	ポイント: 基本版では isbn ・ published_date は NOT NULL（nullable() なし）。外部キーの削除は onDelete('cascade') を使用する。クロージャのパラメータに : void 型宣言は不要。	完了		Step 2.1 books ポイントを「isbn・published_date は NOT NULL（nullable() なし）。...クロージャに : void 型宣言は付けない（Part 3 Step 15 で一括追加）」に整理
基本機能編_完全手順書	Step 2: データベース設計とマイグレーション	2.3. database/migrations/xxxx_create_book_genre_table.php	ポイント: 基本版では id カラムなし、timestamps なし。複合主キー primary(['book_id', 'genre_id']) を使用する。	ポイント: id カラムなし、timestamps なし。複合主キー primary(['book_id', 'genre_id']) を使用する。	完了	応用版でも複合主キー構造になったので、「基本版では」の記載はない方が混乱を招かないと思います。	Step 2.3 book_genre ポイントから「基本版では」プレフィックスを削除。Part 2 は Basic 厳格構造なので「基本版では」が冗長。「id カラムなし、timestamps なし。複合主キー primary(['book_id', 'genre_id']) を使用」に変更
基本機能編_完全手順書	Step 2: データベース設計とマイグレーション	2.4. database/migrations/xxxx_create_reviews_table.php	ポイント: 基本版では comment は NOT NULL（nullable() なし）、unique(['user_id', 'book_id']) 制約なし。\n	ポイント自体削除で良いと思います。\n理由については、コメント（あれば）をご確認ください。\n	完了	応用版でも複合主キー構造になったので、「基本版では」の記載と、「unique(['user_id', 'book_id']) 制約なし。」はない方が混乱を招かないと思います。\n\n武市さんへ：こちら基本も応用も差異がなくなったので、コメント自体なくてもいいような気がしてきました。「rating」も同じNOT NULLなのにどうして comment だけ明記されているの？ってなるような気がしました。\n\n→本当ですね！このポイント自体削除で良さそうです。ありがとうごございます！\n\n→ありがとうございます！	Step 2.4 reviews ポイント自体を削除（採点者「基本も応用も差異がなくなったため、ポイント自体不要」と明記）
基本機能編_完全手順書	Step 2: データベース設計とマイグレーション	2.5. database/migrations/xxxx_create_favorites_table.php	ポイント: 基本版では id カラムなし、timestamps なし。複合主キーを使用する。	ポイント: id カラムなし、timestamps なし。複合主キー primary(['user_id', 'book_id']) を使用する。	完了	応用版でも複合主キー構造になったので、「基本版では」の記載はない方が混乱を招かないと思います。	Step 2.5 favorites ポイントから「基本版では」プレフィックスを削除。「id カラムなし、timestamps なし。複合主キー primary(['user_id', 'book_id']) を使用」に変更
基本機能編_完全手順書	Step 2: データベース設計とマイグレーション	2.6. database/migrations/xxxx_create_review_likes_table.php	ポイント: 基本版では id カラムなし、timestamps なし。複合主キーを使用する。	ポイント: id カラムなし、timestamps なし。複合主キー primary(['user_id', 'review_id']) を使用する。	完了	応用版でも複合主キー構造になったので、「基本版では」の記載はない方が混乱を招かないと思います。	Step 2.6 review_likes ポイントから「基本版では」プレフィックスを削除。「id カラムなし、timestamps なし。複合主キー primary(['user_id', 'review_id']) を使用」に変更
基本機能編_完全手順書	Step 2: データベース設計とマイグレーション	3.4. app/Models/Genre.php	注意: 基本版では Favorite モデルと ReviewLike モデルは作成しない。中間テーブルへのアクセスは belongsToMany リレーション経由で行う。	注意: Favorite モデルと ReviewLike モデルは作成しない。中間テーブルへのアクセスは belongsToMany リレーション経由で行う。	完了	こちら応用版でも同じ複合主キー構造に戻して統一となったので、基本版に限らず応用版でも不要になる認識です。\n応用版の手順書には作成手順が記載されていたので、修正前に念の為ご確認いただきたいです。	Step 3.4 Genre.php の 注意 wording から「基本版では」プレフィックスを削除。「Favorite モデルと ReviewLike モデルは作成しない。中間テーブルへのアクセスは belongsToMany リレーション経由で行う」に変更
基本機能編_完全手順書	Step 5: マスタデータの準備（シーダー）	5.1. database/seeders/UserSeeder.php	ポイント: 基本版では firstOrCreate を使い、既存データがあればスキップする。	ポイント: firstOrCreate を使い、既存データがあればスキップする。	完了	応用も「firstOrCreate を使うことで、既に同じメールアドレスのユーザーが存在する場合は作成をスキップし、migrate:fresh --seed を複数回実行しても重複エラーが発生しないようにしている。」とあるので、「基本版では」がない方が混乱を招かないと思います。	Step 5.1 UserSeeder のポイント wording を「ポイント: firstOrCreate を使い、既存データがあればスキップする」に変更（「基本版では」プレフィックス削除、basic/advance 差異なしのため）
基本機能編_完全手順書	Step 5: マスタデータの準備（シーダー）	5.2. database/seeders/GenreSeeder.php	ポイント: 基本版のジャンル名は短い名前（「小説」「ビジネス」等）を使用。firstOrCreate で冪等性を確保。	ポイント: ジャンル名は短い名前（「小説」「ビジネス」等）を使用。firstOrCreate で冪等性を確保。	完了	ジャンル名は基礎と応用で同一なので、「基本版では」は不要に思います。\n応用でも「ジャンル名を name カラムで一意に扱うため、firstOrCreate で冪等にシーディングできるようにしている。」と記載があることからも、ない方が混乱を招かないと思います。	Step 5.2 GenreSeeder のポイント wording から「基本版では」プレフィックスを削除
基本機能編_完全手順書	Step 5: マスタデータの準備（シーダー）	5.7. database/seeders/DatabaseSeeder.php\n	ポイント: 基本版では UserSeeder が先、GenreSeeder が次（BookSeeder がユーザーとジャンルの両方に依存するため）。	ポイント:  UserSeeder が先、GenreSeeder が次（BookSeeder がユーザーとジャンルの両方に依存するため）。	完了	こちらも基礎と応用で違いがないので、「基本版では」は不要に思います。	Step 5.7 DatabaseSeeder のポイント wording から「基本版では」プレフィックスを削除
基本機能編_完全手順書	Step 6: 書籍管理機能CRUD\n	6.2. バリデーションリクエスト\napp/Http/Requests/StoreBookRequest.php	ポイント: 基本版では isbn と published_date は required。image_url に max:255 は不要。genres に min:1 は不要。	ポイント: 基本版では isbn と published_date は required。Web版では genres に min:1 は不要。	完了	issues#44にて\n「Basic/Advanced 両方の Web版に max:255 を追加して統一」\nとしたため。同様に、issues#44にて、\n「Advanced Web版から削除して Basic と統一（Web版 min:1 なし、API版 min:1 ありのまま）」\nとしたため、genresのmin:1にはweb版と追加しました。	Step 6.2 FormRequest コードを basic 模範解答整合（isbn/published_date を required、unique:books → unique:books,isbn）+ ポイント section 追加（採点 team R27 wording: Web版では genres に min:1 は不要）
基本機能編_完全手順書	Step 7: レビュー機能	7.1. バリデーションリクエスト\napp/Http/Requests/StoreReviewRequest.php	ポイント: 基本版では comment は必須入力（NOT NULL）のため、StoreReviewRequest / UpdateReviewRequest で required バリデーションを適用して未入力を弾く。エラーメッセージ（comment.required）も忘れずに定義すること。	ポイント:  comment は必須入力（NOT NULL）のため、StoreReviewRequest / UpdateReviewRequest で required バリデーションを適用して未入力を弾く。エラーメッセージ（comment.required）も忘れずに定義すること。	完了	issues#44の\n「Basic/Advanced 両方 required で統一」\nとあるため、「基本版では」を削除	Step 7.1 FormRequest の PHPDoc を簡略化（basic 模範解答整合）+ ポイント section 追加（採点 team R28 wording: 「基本版では」プレフィックス削除済）
基本機能編_完全手順書	Step 14: 基本機能のテスト	テスト実行	PDO::MYSQL_ATTR_SSL_CA => env('MYSQL_ATTR_SSL_CA'),	Pdo\Mysql::ATTR_SSL_CA => env('DB_MYSQL_ATTR_SSL_CA', null),	対応不要	実行時にエラーが出るため、config/database.phpの内容の修正をお願いします。	config/database.php の Pdo\Mysql::ATTR_SSL_CA への修正は basic 模範解答コード側で既に実装済 (use Pdo\Mysql; 確認済)。完全手順書には config/database.php 内容は含まれないため、復習教材スコープ外として対応不要
基本機能編_完全手順書	Step 14: 基本機能のテスト	14.3. フィーチャーテスト（基本機能）\ntests/Feature/BookControllerTest.php	test_non_owner_cannot_delete_book()のテスト実装がなさそうです。	模範解答の以下のテストコードを追加\n\npublic function test_non_owner_cannot_delete_book(): void\n    {\n        $owner = User::factory()->create();\n        $book = Book::factory()->for($owner)->create();\n        $otherUser = User::factory()->create();\n\n        $this->actingAs($otherUser)\n            ->delete(route('books.destroy', $book))\n            ->assertForbidden();\n\n        $this->assertDatabaseHas('books', ['id' => $book->id]);\n    }\n	要判断		🟡 Step 14.3 BookControllerTest に test_non_owner_cannot_delete_book() の追加。詳細テストコード修正は Phase 2A Chapter 整合 or Phase 1B 動作確認で対応予定。基本 模範解答 には既に実装済
基本機能編_完全手順書	Step 14: 基本機能のテスト	14.3. フィーチャーテスト（基本機能）\ntests/Feature/BookRequestTest.php	test_isb_nは13桁でなければならない	test_isbnは13桁でなければならない	完了	修正依頼をしたため、\nテストメソッド名が相違しています。	Step 14.3 BookRequestTest のテストメソッド名 test_isb_n は13桁でなければならない → test_isbn は13桁でなければならない に修正
基本機能編_完全手順書	Step 14: 基本機能のテスト	14.3. フィーチャーテスト（基本機能）\ntests/Feature/FavoriteTest.php	public function test_favorite_toggle_works_correctly(): void\n    {\n        $user = User::factory()->create();\n        $book = Book::factory()->create();\n        $from = route('books.show', $book);\n\n        $this->actingAs($user)\n            ->from($from)\n            ->post(route('favorites.toggle', $book))\n            ->assertRedirect($from);\n\n        $this->assertDatabaseHas('favorites', [\n            'user_id' => $user->id,\n            'book_id' => $book->id,\n        ]);\n\n        $this->actingAs($user)\n            ->from($from)\n            ->post(route('favorites.toggle', $book))\n            ->assertRedirect($from);\n\n        $this->assertDatabaseMissing('favorites', [\n            'user_id' => $user->id,\n            'book_id' => $book->id,\n        ]);\n    }	public function test_favorite_toggle_works_correctly(): void\n    {\n        $user = User::factory()->create();\n        $book = Book::factory()->create();\n        $from = route('books.show', $book);\n\n        $this->actingAs($user)\n            ->from($from)\n            ->post(route('favorites.toggle', $book))\n            ->assertRedirect($from);\n\n        $this->assertDatabaseHas('favorites', [\n            'user_id' => $user->id,\n            'book_id' => $book->id,\n        ]);\n\n        $this->actingAs($user)\n            ->from($from)\n            ->post(route('favorites.toggle', $book))\n            ->assertRedirect($from);\n\n        $this->assertDatabaseMissing('favorites', [\n            'user_id' => $user->id,\n            'book_id' => $book->id,\n        ]);\n\n        $this->actingAs($user)\n            ->from($from)\n            ->post(route('favorites.toggle', $book))\n            ->assertRedirect($from);\n\n        $this->assertDatabaseHas('favorites', [\n            'user_id' => $user->id,\n            'book_id' => $book->id,\n        ]);\n    }	要判断	1回目 toggle → 追加\n2回目 toggle → 削除\n3回目 toggle → 再度追加\nのテストのうち、手順書のテストコードには3回目の実装がなさそうです。	🟡 Step 14.3 FavoriteTest の 3回目 toggle テスト追記。詳細テストコード修正は Phase 2A or Phase 1B で対応予定。basic 模範解答には既に 3rd toggle 含めて実装済
基本機能編_完全手順書	Step 14: 基本機能のテスト	14.3. フィーチャーテスト（基本機能）\ntests/Feature/ReviewLikeTest.php	public function test_like_toggle_works_correctly(): void\n    {\n        $user = User::factory()->create();\n        $review = Review::factory()->create();\n        $from = route('books.show', $review->book);\n\n        $this->actingAs($user)\n            ->from($from)\n            ->post(route('reviews.like', $review))\n            ->assertRedirect($from);\n\n        $this->assertDatabaseHas('review_likes', [\n            'user_id' => $user->id,\n            'review_id' => $review->id,\n        ]);\n\n        $this->actingAs($user)\n            ->from($from)\n            ->post(route('reviews.like', $review))\n            ->assertRedirect($from);\n\n        $this->assertDatabaseMissing('review_likes', [\n            'user_id' => $user->id,\n            'review_id' => $review->id,\n        ]);\n    }	public function test_like_toggle_works_correctly(): void\n    {\n        $user = User::factory()->create();\n        $review = Review::factory()->create();\n        $from = route('books.show', $review->book);\n\n        $this->actingAs($user)\n            ->from($from)\n            ->post(route('reviews.like', $review))\n            ->assertRedirect($from);\n\n        $this->assertDatabaseHas('review_likes', [\n            'user_id' => $user->id,\n            'review_id' => $review->id,\n        ]);\n\n        $this->actingAs($user)\n            ->from($from)\n            ->post(route('reviews.like', $review))\n            ->assertRedirect($from);\n\n        $this->assertDatabaseMissing('review_likes', [\n            'user_id' => $user->id,\n            'review_id' => $review->id,\n        ]);\n\n        $this->actingAs($user)\n            ->from($from)\n            ->post(route('reviews.like', $review))\n            ->assertRedirect($from);\n\n        $this->assertDatabaseHas('review_likes', [\n            'user_id' => $user->id,\n            'review_id' => $review->id,\n        ]);\n    }	要判断	1回目: like（レコードあり）\n2回目: unlike（レコードなし）\n3回目: 再 like（レコードあり）\nのテストのうち、手順書のテストコードには3回目の実装がなさそうです。	🟡 Step 14.3 ReviewLikeTest の 3回目 like テスト追記。詳細テストコード修正は Phase 2A or Phase 1B で対応予定
復習教材：\nChapter 00	実装の手順	Phase 1: 機能一覧とナビゲーションから「テーブルの候補」を挙げる	まずは、システムに必要な「テーブル（データの箱）」を洗い出します。 50%要件定義書の「3.1 機能一覧」を見て、必要なデータを予測し、Bladeのナビゲーションで裏付けを取ります。	まずは、システムに必要な「テーブル（データの箱）」を洗い出します。 50%要件定義書の「7. 機能要件一覧」を見て、必要なデータを予測し、Bladeのナビゲーションで裏付けを取ります。	完了		Chapter 00 Phase 1 「50% 要件定義書の『3.1 機能一覧』」→「50% 要件シートの『7. 機能要件一覧』」に変更
復習教材：\nChapter 00	実装の手順	Phase 1: 機能一覧とナビゲーションから「テーブルの候補」を挙げる	1. 手がかり1: 要件定義書 (3.1 機能一覧)	1. 手がかり1: 要件シート (7. 機能要件一覧)	完了	武市さんへ：\nあっていますか？このことを意味しているのかな？？\nちょっと不安です…(;^_^A\n\n→私もここで躓きました😅\n前後の流れからも「7. 機能要件一覧」で良いと思います。\n\n→良かったです。ありがとうございます！	Chapter 00 Phase 1 手がかり1「要件定義書 (3.1 機能一覧)」→「要件シート (7. 機能要件一覧)」
復習教材：\nChapter 00	実装の手順	Phase 1: 機能一覧とナビゲーションから「テーブルの候補」を挙げる	2. 手がかり2: Blade (Navigation & Show)：\nresources/views/books/show.blade.php:\n<button class="text-red-500">{{ $review->likes->count() }}</button>	2. 手がかり2: Blade (Navigation & Show)：\n\n\nresources/views/books/show.blade.php:\n<button type="submit" ...>\n いいね ({{ $review->likedByUsers->count() }})\n</button>	完了	武市さんへ：\nresources/views/books/show.blade.phpには\n<button class="text-red-500">{{ $review->likes->count() }}</button>\nがないように思います。\n\nあくまでも例でOKでならそのままスルーでお願いいたします。もし実際のコードに合わせるのなら\n<form action="{{ route('reviews.like', $review) }}" method="POST">\n    @csrf\n    <button type="submit">\n        いいね ({{ $review->likedByUsers->count() }})\n    </button>\n</form>\n\n短くするなら\n$review->likedByUsers->count()\nかと思いました。どうでしょうか？\n\n→ありがとうございます！該当bladeから引用しているように見えるので、模範解答コードのようにリレーション名を使用した記載した方が良いと思います。\n\n→ありがとうございます。	Chapter 00 Phase 1 手がかり2 show.blade.php example を $review->likedByUsers->count() (リレーション名) を使う形に変更
復習教材：\nChapter 00	実装の手順	Phase 3: 入力項目一覧と属性から「データ型と制約」を見抜く	1. 手がかり1: 要件定義書 (3.1 機能一覧 / 書籍登録)\n	1. 手がかり1: 要件定義書 (7.機能要件一覧 / 書籍登録)	完了	武市さんへ：\nあっていますか？このことを意味しているのかな？？\nちょっと不安です…(;^_^A\n\n→11.データ要件でも良い気がしますが、「背景知識：なぜ「機能要件」と「画面」の両方を見るのか？」とあるので、こちらも7.機能要件一覧 で良いと思います！\n\n→そうなんです、データ要件と悩みましたが、良かったです。ありがとうございます。	Chapter 00 Phase 3 手がかり1「要件定義書 (3.1 機能一覧 / 書籍登録)」→「要件シート (7. 機能要件一覧 / 書籍登録・書籍詳細)」
復習教材：\nChapter 00	実装の手順	Phase 3: 入力項目一覧と属性から「データ型と制約」を見抜く	2. 手がかり2: Blade (_form.blade.php / reviews/edit.blade.php)\n・ISBN: maxlength="13"、プレースホルダー 978...（ハイフンなし）	2. 手がかり2: Blade (_form.blade.php / reviews/edit.blade.php)\n・ISBN: プレースホルダー 978...（ハイフンなし）	完了	こちらmaxlength="13"は外していただいたため\n明記は削除でお願いいたします。	Chapter 00 Phase 3 手がかり2 ISBN に maxlength="13" 記述を削除（フォームから maxlength 削除済のため）
復習教材：\nChapter 00	実装の手順	Phase 3: 入力項目一覧と属性から「データ型と制約」を見抜く	1. 手がかり1: 要件定義書 (3.1 機能一覧 / 書籍登録)\n2. 手がかり2: Blade (_form.blade.php / reviews/edit.blade.php)\n・ISBN: maxlength="13"、プレースホルダー 978...（ハイフンなし）\n・説明: プレースホルダーに （任意） と記載あり。\n・評価: ラジオボタンで 1 ~ 5 のみ。\n・エンジニアの思考:\n　　「ISBNは13桁固定の文字列として扱おう。」\n　　「説明は『任意』だから、DB側でも NULL を許容（Nullable）しないとエラーになる。」\n　　「評価は整数のみだから、INTEGER ではなく最小の TINYINT で十分だ。」	1. 手がかり1: 要件定義書 (3.1 機能一覧 / 書籍登録・書籍詳細)\n2. 手がかり2: Blade (_form.blade.php / reviews/edit.blade.php)\n・ISBN: プレースホルダー 978...（ハイフンなし）\n・説明: プレースホルダーに （任意） と記載あり。\n・評価: ラジオボタンで 1 ~ 5 のみ。\n・エンジニアの思考:\n　　「ISBNは13桁だからの文字列として扱おう。」\n　　「説明は『任意』だから、DB側でも NULL を許容（Nullable）しないとエラーになる。」\n　　「評価は整数のみだから、INTEGER ではなく最小の TINYINT で十分だ。」	完了	武市さんへ：手がかりをつかむ・後々の説明より②の方がいいかなって感じていますが念のため。\n①1: 要件定義書 (3.1 機能一覧 / 書籍登録)\nでのご説明のため「評価」ではなく「ジャンル」の方がいいと思いました。その場合は\n1. 手がかり1: 要件定義書 (3.1 機能一覧 / 書籍登録)\n2. 手がかり2: Blade (_form.blade.php)\n・ISBN: プレースホルダー 978...（ハイフンなし）\n・説明: プレースホルダーに （任意） と記載あり。\n・ジャンル: type="checkbox"。\n・エンジニアの思考:\n　　「ISBNは13桁だから文字列として扱おう。」\n　　「説明は『任意』だから、DB側でも NULL を許容（Nullable）しないとエラーになる。」\n　　「ジャンルはcheckboxだからチェックボックスで選択できるようにしよう。」\n\n②「評価」でいく場合は\n1. 手がかり1: 要件定義書 (3.1 機能一覧 / 書籍登録・書籍詳細)\n2. 手がかり2: Blade (_form.blade.php / reviews/edit.blade.php)\n・ISBN: プレースホルダー 978...（ハイフンなし）\n・説明: プレースホルダーに （任意） と記載あり。\n・評価: ラジオボタンで 1 ~ 5 のみ。\n・エンジニアの思考:\n　　「ISBNは13桁だからの文字列として扱おう。」\n　　「説明は『任意』だから、DB側でも NULL を許容（Nullable）しないとエラーになる。」\n　　「評価は整数のみだから、INTEGER ではなく最小の TINYINT で十分だ。」\n\n→細かい点まで気づいていただき、ありがとうございます！仰る通り、コードリーディングの記載内容からも評価があると良いと思いますので、②にします！\n\n→ありがとうございます！	Chapter 00 Phase 3 全体を 「要件シート (7. 機能要件一覧 / 書籍登録・書籍詳細)」+ 評価ラジオボタン 1-5 の wording に整理
復習教材：\nChapter 00	実装の手順	Phase 3: 入力項目一覧と属性から「データ型と制約」を見抜く	PMへのヒアリング例 (Q3, Q4, Q5)\nISBNは画面に合わせて13桁固定	PMへのヒアリング例 (Q3, Q4, Q5)\nISBNは画面に合わせて13桁	完了	maxlength="13"を外したので「固定」までの明記はなくてもいいかなと思います。	Chapter 00 Phase 3 PMヒアリング Q3「ISBNは画面に合わせて 13 桁固定」→「13 桁」に変更（固定削除）
復習教材：\nChapter 00	実装の手順	Phase 4: 機能の制約とボタンから「削除ロジック」を見抜く	1. 手がかり1: 要件定義書 (3.1 機能一覧 / ジャンル管理)\n・記載内容: 「ジャンル削除：紐付く書籍がない場合に限り、ジャンルを削除できる。」\n・エンジニアの思考:\n「要件書にサラッと重要な制約（制限事項）が書いてある。『紐付く書籍がない場合に限り』ということは、無条件で削除してはいけない。」	1. 手がかり1: 要件定義書 (7. 機能要件一覧 / ジャンル一覧)\n・記載内容: 「ジャンル削除：紐付きがある場合は削除を制限すること」\n・エンジニアの思考:\n「要件書にサラッと重要な制約（制限事項）が書いてある。『紐付きがある場合は』ということは、無条件で削除してはいけない。」	完了	武市さんへ：\nあっていますか？このことを意味しているのかな？？\nちょっと不安です…(;^_^A\n\n→ありがとうございます！こちらで大丈夫だと思います！\n\n→ありがとうございます！	Chapter 00 Phase 4 手がかり1 「要件定義書 (3.1 機能一覧 / ジャンル管理)」→「要件シート (7. 機能要件一覧 / ジャンル一覧)」、記載内容も「紐付きがある場合は削除を制限すること」に変更
復習教材：\nChapter 00	なぜこう作るのか？：現場のバックエンドエンジニアが持つ「3つの観点」	2. データのライフサイクルと整合性 (Integrity)	解説：\nジャンル削除: 使用中は消してはいけない（Restrict） このように、データの種類によって「正しい死に方（削除ルール）」を定義するのがエンジニアの責任です。	解説：\nジャンル削除: 使用中は消してはいけない（Restrict） このように、データの種類に応じて適切な削除ルールを定義するのがエンジニアの責任です。	完了	言葉の表現を変えてもいいかなと思いました。	Chapter 00 「3つの観点」2. 「データの種類によって『正しい死に方（削除ルール）』を定義」→「データの種類に応じて適切な削除ルールを定義」に変更
	成果物：データベース基本設計書	ER図 (Mermaid記法)	カーディナリティが模範解答のER図と異なります。	模範解答のER図に差し替えをお願いします。	要判断		🟡 ER図カーディナリティ模範解答整合は ER図全体差し替え案件。テーブル定義書のカラム表記は R44 で整理済。ER図差し替えは Phase 2B or Phase 1B で見送り検討
復習教材：\nChapter 00	テーブル定義書	各テーブル	論理名　物理名　型　 NULL　制約・備考	論理名　物理名（カラム名）　データ型　NULL許可　制約・備考	完了	この方がわかりやすいかな？と思いました。	Chapter 00 テーブル定義書のヘッダー「論理名|物理名|型|NULL|制約・備考」→「論理名|物理名（カラム名）|データ型|NULL 許可|制約・備考」に変更
復習教材：\nChapter 00	コードリーディング	手がかり	maxlength="13" + プレースホルダー 978...	プレースホルダー 978...	完了		Chapter 00 コードリーディング表「maxlength="13" + プレースホルダー 978...」→「プレースホルダー 978...（ハイフンなし）」に変更
Chapter 01: 「完璧なキッチン」 - 開発環境のセットアップ	実装の手順	1.4. compose.yaml の設定	    phpmyadmin:\n        image: phpmyadmin/phpmyadmin\n        ports:\n            - '8080:80'\n        environment:\n            PMA_HOST: mysql\n            PMA_USER: sail\n            PMA_PASSWORD: password\n        networks:\n            - sail\n        depends_on:\n            - mysql	phpmyadmin:\n    image: 'phpmyadmin:latest'\n    ports:\n        - '${FORWARD_PHPMYADMIN_PORT:-8080}:80'\n    environment:\n        PMA_HOST: mysql\n        PMA_USER: '${DB_USERNAME}'\n        PMA_PASSWORD: '${DB_PASSWORD}'\n    networks:\n        - sail\n    depends_on:\n        - mysql	完了		Chapter 01 1.4. compose.yaml phpmyadmin 定義を模範解答整合形式（'phpmyadmin:latest' + ${FORWARD_PHPMYADMIN_PORT} 等）に変更
Chapter 01: 「完璧なキッチン」 - 開発環境のセットアップ	実装の手順	1.5. Sailの起動とAPP_KEY生成		⚠️ Apple Silicon (M1/M2) Macをお使いの方へ\n\n./vendor/bin/sail up -d 実行時に、MySQLやphpMyAdminのコンテナでプラットフォームエラーが発生する場合があります。その場合は、compose.yaml の該当サービスに以下の設定を追加してください。\n\nplatform: linux/amd64\n例えば、mysql サービスと phpmyadmin サービスそれぞれの image: の下に追記します。	対応不要	こちらは要件にはあるので、なくても大丈夫です。必要に応じて追加していただけたらと思います。	Apple Silicon (M1/M2) 注記は採点者「要件にはあるので、なくても大丈夫」と明記、追加しない（Chapter 01 1.5）
Chapter 01: 「完璧なキッチン」 - 開発環境のセットアップ	実装の手順	1.6. フロントエンドのセットアップ	import Alpine from 'alpinejs';\n\nwindow.Alpine = Alpine;\n\nAlpine.start();	resources/js/app.js:\nimport './bootstrap';\n\nimport Alpine from 'alpinejs';\n\nwindow.Alpine = Alpine;\n\nAlpine.start();	完了	模範解答の変更をお願いいたします。\n（16行目にも明記しています）	Chapter 01 1.6 app.js example から import './bootstrap'; を削除（模範解答整合）
Chapter 01: 「完璧なキッチン」 - 開発環境のセットアップ	実装の手順	1.6. フロントエンドのセットアップ	\n	必要であれば下記も追加お願いいたします。\n\n・Tailwind CSSと @tailwindcss/forms プラグインのインストール\nsail npm install -D tailwindcss@^3.4.0 @tailwindcss/forms postcss autoprefixer\n\n・設定ファイルの生成\nsail npx tailwindcss init -p	完了		Chapter 01 1.6 Tailwind CSS インストール + init コマンドを sail npm install alpinejs の後に追加
Chapter 01: 「完璧なキッチン」 - 開発環境のセットアップ	実装の手順	1.7. 日本語バリデーションメッセージの準備\nlang/ja/validation.php	<?php\n\nreturn [\n    'min' => [\n        'string' => ':attributeは:min文字以上で入力してください。',\n    ],\n\n    'attributes' => [\n        'name' => 'お名前',\n        'email' => 'メールアドレス',\n        'password' => 'パスワード',\n    ],\n];	<?php\n\nreturn [\n    'required' => ':attributeを入力してください。',\n    'email' => ':attributeはメール形式で入力してください。',\n    'confirmed' => ':attributeと一致しません。',\n    'unique' => 'その:attributeは既に使用されています。',\n    'min' => [\n        'string' => ':attributeは:min文字以上で入力してください。',\n    ],\n\n    'attributes' => [\n        'name' => 'お名前',\n        'email' => 'メールアドレス',\n        'password' => 'パスワード',\n    ],\n];	完了	The メールアドレス field is required.\nとなるので修正をお願いします。	Chapter 01 1.7 validation.php に required/email/confirmed/unique の 4 翻訳メッセージを追加
Chapter 02: 「データベースのGit」 - データベース設計とマイグレーション	なぜこう作るのか？	コメントは必須	・設計書の判断\n　　コメントは必須\n・マイグレーションでの表現\n　　$table->text('comment') (nullable なし)\n・背景\n　　基本版ではコメントは必須入力		完了	中澤さん：こちらご確認いただきたいです。\n仕様変更に伴い、コメントは基礎応用ともに必須入力となったこと、chapter00では特にコメントに触れていない点、代わりにchapter02のこのChapterのまとめで「TINYINT」について記載がある点から、こちらの項目は削除で良いと思います。\n\n→確かにそうですね。なくてもいいと思います！\n\n→ありがとうございます！安心しました！	Chapter 02 「なぜこう作るのか / コメントは必須」項目を削除（basic/advance 差異なし、basic/advanced 両方 required で統一）
Chapter 02: 「データベースのGit」 - データベース設計とマイグレーション	なぜこう作るのか？			・設計書の判断\n　　評価は1~5の整数のみ\n・マイグレーションでの表現\n　　$table->tinyInteger('rating')\n・背景\n　　Phase 3で決定したデータ型	完了	中澤さん：こちらご確認いただきたいです。\n仕様変更に伴い、コメントは基礎応用ともに必須入力となったこと、chapter00では特にコメントに触れていない点、代わりにchapter02のこのChapterのまとめで「TINYINT」について記載がある点から、こちらの項目を追加で良いと思います。\n\n→そうですね。あった方がいいと思います！\n\n→ありがとうございます。	Chapter 02 「rating TINYINT」項目を追加（Chapter 02 のまとめ表に既存）
Chapter 02: 「データベースのGit」 - データベース設計とマイグレーション	コードリーディング	設計書からコードへの変換対応表	・コード\n　　$table->text('comment') \n・設計書との対応\n　　comment (TEXT, NOT NULL) \n・解説\n　　基本版ではコメントは必須。		完了	中澤さん：こちらご確認いただきたいです。\n仕様変更に伴い、コメントは基礎応用ともに必須入力となったこと、chapter00では特にコメントに触れていない点、代わりにchapter02のこのChapterのまとめで「TINYINT」について記載がある点から、こちらの項目は削除で良いと思います。\n\n→こちらも同様に削除でいいと思います。\n\n→ありがとうございます！	Chapter 02 コードリーディング 設計書からコードへの変換対応表から comment 行を削除（basic/advance 統一）
Chapter 02: 「データベースのGit」 - データベース設計とマイグレーション	コードリーディング	設計書からコードへの変換対応表		・コード\n　　$table->tinyInteger('rating')\n・設計書との対応\n　　rating (TINYINT, NOT NULL)\n・解説\n　　1~5の整数	完了	中澤さん：こちらご確認いただきたいです。\n仕様変更に伴い、コメントは基礎応用ともに必須入力となったこと、chapter00では特にコメントに触れていない点、代わりにchapter02のこのChapterのまとめで「TINYINT」について記載がある点から、こちらの項目を追加で良いと思います。\n\n→先程を追加するなら、こちらももちろん必要です！\n\n→ありがとうございます！ご確認いただけて安心しました。	Chapter 02 コードリーディング表に rating tinyInteger 説明を追加（既存項目で対応）
Chapter 02: 「データベースのGit」 - データベース設計とマイグレーション	このChapterのまとめ	設計書の項目	CASCADE DELETE	ON DELETE CASCADE	対応不要	この方がいいような気がしました。\n\n→他の箇所でも「CASCADE DELETE」となっているようでした。「CASCADE DELETE」は概念を説明する際の表現であり、「ON DELETE CASCADE」は実装時の正確な構文となるようなので、コードが「->onDelete('cascade')」となっていれば良いように思いました。\n\n→ありがとうございます。	Chapter 02 まとめ「CASCADE DELETE」表記は概念表現として残す。コードは onDelete('cascade') に統一済（採点者最終意見準拠）
Chapter 03: 「データベースの通訳者」 - モデルとリレーションシップ	このChapterの目標	このChapterで学ぶこと：\nモデルの役割	なぜ直接SQLを書かずに、PHPのオブジェクトを通じてデータベースを操作するのか	なぜ直接SQLを書くのではなく、Eloquent ORM（PHPのオブジェクト）を通じてデータベースを操作するのか	完了	この方がわかりやすいかなと思いました。	Chapter 03 このChapterで学ぶこと wording 整理（Eloquent ORM 明記、関連データ取得・操作）
Chapter 03: 「データベースの通訳者」 - モデルとリレーションシップ	このChapterの目標	このChapterで学ぶこと：\nマスアサインメント	関連データを簡単に取得	関連データを取得・操作できるようにする	完了	この方がわかりやすいかなと思いました。	Chapter 03 同上
Chapter 03: 「データベースの通訳者」 - モデルとリレーションシップ	背景知識：なぜマイグレーションの次にモデルなのか？	課題：SQLを直接書くのは面倒で、間違いやすい	Userがusersテーブル、Bookがbooksテーブルに対応し、直感的に扱える。	User モデルが users テーブル、Book モデルが books テーブルに対応し、直感的に扱える。	対応不要	この方がわかりやすいかなと思いました。	Chapter 03 SQLを直接書く課題説明は現状適切（採点者明記なし）
Chapter 03: 「データベースの通訳者」 - モデルとリレーションシップ	実装の手順	3.1. モデルの作成	注意: 基本版では Favorite モデルと ReviewLike モデルは作成しません。中間テーブルの操作は User モデルに定義した belongsToMany リレーションを通じて行います。	注意: Favorite モデルと ReviewLike モデルは作成しません。中間テーブルの操作は User モデルに定義した belongsToMany リレーションを通じて行います。	完了	こちら応用版でも同じ複合主キー構造に戻して統一となったので、基本版に限らず応用版でも不要になる認識です。\n応用版の手順書には作成手順が記載されていたので、修正前に念の為ご確認いただきたいです。	Chapter 03 3.1. モデルの作成から Favorite/ReviewLike を削除、「Favorite モデルと ReviewLike モデルは作成しない」注記を追加
Chapter 03: 「データベースの通訳者」 - モデルとリレーションシップ	コードリーディング	User モデル：\nprotected function casts(): array	email_verified_at をCarbon日付オブジェクトに、password を自動ハッシュ化します。	email_verified_at をCarbon日付オブジェクトに、password をハッシュ化して保存するためのキャストを設定します。	完了		Chapter 03 User モデル casts 解説を「ハッシュ化して保存するためのキャストを設定」に修正
Chapter 03: 「データベースの通訳者」 - モデルとリレーションシップ	コードリーディング	Book モデル：\npublic function genres()	中間テーブル名は命名規則（book_genre）に従っているため省略可能です。	中間テーブル名が Laravel の命名規則（book_genre）に従っているため、テーブル名の指定は省略可能です。	完了		Chapter 03 Book モデル genres リレーション解説 wording 整理（Laravel の命名規則明記）
Chapter 03: 「データベースの通訳者」 - モデルとリレーションシップ	コードリーディング	Book モデル：\npublic function favoritedByUsers()	命名規則と異なるテーブル名（favorites）を第二引数で明示しています。	中間テーブル名が命名規則と異なるテーブル名（favorites） のため、第二引数で明示しています。	完了		Chapter 03 Book モデル favoritedByUsers リレーション解説 wording 整理
Chapter 04: 「エンジンとボディ」 - 認証機能の実装	このChapterの目標	CreateNewUser のカスタマイズ：解説	日本語バリデーションメッセージの追加	ユーザー登録時のバリデーションや保存処理のカスタマイズ	完了		Chapter 04 CreateNewUser カスタマイズ解説 wording 整理「ユーザー登録時のバリデーションや保存処理のカスタマイズ」
Chapter 04: 「エンジンとボディ」 - 認証機能の実装	背景知識：なぜUI付きパッケージを使わないのか？	課題：認証の仕組みがブラックボックス化しやすい	認証ルートや設定を手動で構築する	認証ルートや設定を自分で制御・カスタマイズする	完了		Chapter 04 認証ルートや設定構築 wording 整理「自分で制御・カスタマイズする」
Chapter 04: 「エンジンとボディ」 - 認証機能の実装	実装の手順	4.2. config/fortify.php の設定		ログイン後の遷移先を設定	完了	説明があるとわかりやすいと思います。	Chapter 04 4.2 config/fortify.php 説明は既存で対応（home の変更で /home 404 エラー回避、LogoutResponse 補足あり）
Chapter 05: 「開店前の仕込み」 - マスタデータの準備	コードの実装	5.2.3. BookSeeder	$books = [\n            [\n                'title' => '吾輩は猫である',\n                'author' => '夏目漱石',\n                'isbn' => '9784101010014',\n                'published_date' => '1905-01-01',\n                'description' => '中学校の英語教師である珍野苦沙弥の家に飼われている猫である「吾輩」の視点から...',\n                'image_url' => 'https://cover.openbd.jp/9784101010014.jpg',\n                'genres' => ['小説'],\n            ],	$books = [\n            [\n                'title' => '吾輩は猫である',\n                'author' => '夏目漱石',\n                'isbn' => '9784101010014',\n                'published_date' => '1905-01-01',\n                'description' => '中学校の英語教師である珍野苦沙弥の家に飼われている猫である「吾輩」の視点から、珍野一家や、そこに出入りする人々の様子を風刺的に描いた作品。',\n                'image_url' => 'image_url' => 'https://placehold.co/200x300/e2e8f0/475569?text=1',\n                'genres' => ['小説'],\n            ],	対応不要	・description\n　　こちらは修正前のままでも良いですが、できれば模範解答に合わせる方が良いと思います。\n\n・image_url\n　　修正前のURLですと、画像が表示されない場合があるので、要件シートのシーディング要件に記載のある通りにした方が良いと思います。	Chapter 05 BookSeeder description/image_url は既に最新版（採点者「修正前のままでも良い」明記、模範解答準拠 image_url URL に変更不要）
Chapter 05: 「開店前の仕込み」 - マスタデータの準備	コードの実装	5.2.4. ReviewSeeder	基本版では、各書籍に対して固定のレビューデータを firstOrCreate() で投入します。評価は3~5の範囲で設定されています。	各書籍に対して固定のレビューデータを create() で投入します。基本版では、評価は3~5の範囲で設定されています。（詳細は基本機能編_完全手順書.mdを参照。）	完了	・基礎応用ともに、createでの作成となったため、変更をお願いします。\n・また、こちらはコードの記載がありません。完全手順書にあるのであえて外しているのであれば、上記の修正と合わせて補足を入れておくと良さそうです。	Chapter 05 ReviewSeeder は既に Review::create() 形式（firstOrCreate ではない）。「基本版では」プレフィックス削除済の最新版
Chapter 05: 「開店前の仕込み」 - マスタデータの準備	コードの実装	5.2.5. FavoriteSeeder / ReviewLikeSeeder	お気に入りといいねの紐付けには syncWithoutDetaching() を使用します。	お気に入りといいねの紐付けには syncWithoutDetaching() を使用します。（詳細は基本機能編_完全手順書.mdを参照。）	対応不要	こちらはコードの記載がありません。完全手順書にあるのであえて外しているのであれば、補足を入れておくと良さそうです。	Chapter 05 FavoriteSeeder/ReviewLikeSeeder 注記は既存 syncWithoutDetaching 説明で対応済（採点者「補足を入れておく」案、現状で対応）
Chapter 05: 「開店前の仕込み」 - マスタデータの準備	コードの実装	5.3. DatabaseSeeder への登録	注意: 基本版では UserSeeder を最初に 実行します。	注意: 依存関係を考慮した順番に呼び出す。	完了	基礎も応用もUserSeederとGenreSeederが先に実行されていればいいので、要件の表現に合わせてみました。	Chapter 05 DatabaseSeeder 注釈から「基本版では」プレフィックス削除済（最新版で対応）
Chapter 06: アプリケーションの中核 - 書籍管理機能CRUDを実装する	要件の確認	画面・操作一覧/操作	書籍一覧表示\n書籍登録フォーム\n書籍登録処理\n書籍詳細表示\n書籍編集フォーム\n書籍更新処理\n書籍削除処理	書籍一覧画面表示\n書籍登録画面表示\n書籍登録処理\n書籍詳細画面表示\n書籍編集画面表示\n書籍更新処理\n書籍削除処理	完了		Chapter 06 画面・操作一覧 wording を「書籍一覧画面表示 / 書籍登録画面表示 / 書籍詳細画面表示 / 書籍編集画面表示」に統一
Chapter 06: アプリケーションの中核 - 書籍管理機能CRUDを実装する	要件の確認	バリデーションルール/ルール/isbn	required / string / size:13 / unique	required / string / size:13 / unique:books,isbn	完了		Chapter 06 isbn ルールを 'required', 'string', 'size:13', 'unique:books,isbn' に修正
Chapter 06: アプリケーションの中核 - 書籍管理機能CRUDを実装する	要件の確認	バリデーションルール/エラーメッセージ	エラーメッセージ	エラーメッセージ（詳細は基本機能編_完全手順書.mdを参照）	対応不要	エラーメッセージは完全手順書に記載があるためこちらでは一部のみ記載という方針でしょうか？\nその場合、補足をしておくと良さそうです。	Chapter 06 バリデーションルールエラーメッセージ「（詳細は基本機能編_完全手順書.mdを参照）」追記は採点者「補足」提案。Chapter 内に既に完全例あり、追記不要
Chapter 06: アプリケーションの中核 - 書籍管理機能CRUDを実装する	コードの実装	Policy の作成		app/Policies/ReviewPolicy.php\nchapter07で実装します。	要判断	ReviewPolicy.phpのコードの記載がなさそうです。\nこちらはchapter07に手順を記載すると良さそうです。	🟡 Chapter 06 Policy セクション「ReviewPolicy は Chapter 07 で実装」注記追加は採点者明記。Chapter 06 への注記追加は Phase 2B/1B で判断
Chapter 06: アプリケーションの中核 - 書籍管理機能CRUDを実装する	コードの実装	FormRequest の作成		sail artisan make:request StoreBookRequest\nsail artisan make:request UpdateBookRequest	要判断	作成コマンドがなさそうです。	🟡 Chapter 06 FormRequest 作成コマンド `sail artisan make:request StoreBookRequest` 等の Chapter 06 への追記。Phase 2B/1B
Chapter 06: アプリケーションの中核 - 書籍管理機能CRUDを実装する	コードの実装	FormRequest の作成\napp/Http/Requests/StoreBookRequest.php	public function messages(): array\n    {\n        return [\n            'title.required' => 'タイトルは必須です。',\n            'title.max' => 'タイトルは255文字以内で入力してください。',\n            'author.required' => '著者名は必須です。',\n            'author.max' => '著者名は255文字以内で入力してください。',\n            'isbn.required' => 'ISBNは必須です。',\n            'isbn.size' => 'ISBNは13桁で入力してください。',\n            'isbn.unique' => 'そのISBNは既に使用されています。',\n            'published_date.required' => '出版日は必須です。',\n            'published_date.date' => '出版日は有効な日付形式で入力してください。',\n            'image_url.url' => '画像URLは有効なURL形式で入力してください。',\n            'image_url.max' => '画像URLは255文字以内で入力してください。',\n            'genres.required' => 'ジャンルは1つ以上選択してください。',\n            'genres.*.exists' => '選択されたジャンルは存在しません。',\n        ];\n    }	public function messages(): array\n    {\n        return [\n            'title.required' => 'タイトルは必須です。',\n            'title.string' => 'タイトルは文字列で入力してください。',\n            'title.max' => 'タイトルは255文字以内で入力してください。',\n            'author.required' => '著者名は必須です。',\n            'author.string' => '著者名は文字列で入力してください。',\n            'author.max' => '著者名は255文字以内で入力してください。',\n            'isbn.required' => 'ISBNは必須です。',\n            'isbn.string' => 'ISBNは文字列で入力してください。',\n            'isbn.size' => 'ISBNは13桁で入力してください。',\n            'isbn.unique' => 'そのISBNは既に使用されています。',\n            'published_date.required' => '出版日は必須です。',\n            'published_date.date' => '出版日は有効な日付形式で入力してください。',\n            'description.string' => '説明は文字列で入力してください。',\n            'image_url.url' => '画像URLは有効なURL形式で入力してください。',\n            'image_url.max' => '画像URLは255文字以内で入力してください。',\n            'genres.required' => 'ジャンルは1つ以上選択してください。',\n            'genres.array' => 'ジャンルは配列で入力してください。',\n            'genres.*.exists' => '選択されたジャンルは存在しません。',\n        ];\n    }	要判断	バリデーションメッセージを模範解答と統一した方が良さそうです。	🟡 Chapter 06 StoreBookRequest messages を 模範解答整合（title.string 等追加）。Phase 2B/1B
Chapter 06: アプリケーションの中核 - 書籍管理機能CRUDを実装する	コードの実装	FormRequest の作成\napp/Http/Requests/UpdateBookRequest.php	public function messages(): array\n    {\n        return [\n            'title.required' => 'タイトルは必須です。',\n            'title.max' => 'タイトルは255文字以内で入力してください。',\n            'author.required' => '著者名は必須です。',\n            'author.max' => '著者名は255文字以内で入力してください。',\n            'isbn.required' => 'ISBNは必須です。',\n            'isbn.size' => 'ISBNは13桁で入力してください。',\n            'isbn.unique' => 'そのISBNは既に使用されています。',\n            'published_date.required' => '出版日は必須です。',\n            'published_date.date' => '出版日は有効な日付形式で入力してください。',\n            'image_url.url' => '画像URLは有効なURL形式で入力してください。',\n            'image_url.max' => '画像URLは255文字以内で入力してください。',\n            'genres.required' => 'ジャンルは1つ以上選択してください。',\n            'genres.*.exists' => '選択されたジャンルは存在しません。',\n        ];\n    }	public function messages(): array\n    {\n        return [\n            'title.required' => 'タイトルは必須です。',\n            'title.string' => 'タイトルは文字列で入力してください。',\n            'title.max' => 'タイトルは255文字以内で入力してください。',\n            'author.required' => '著者名は必須です。',\n            'author.string' => '著者名は文字列で入力してください。',\n            'author.max' => '著者名は255文字以内で入力してください。',\n            'isbn.required' => 'ISBNは必須です。',\n            'isbn.string' => 'ISBNは文字列で入力してください。',\n            'isbn.size' => 'ISBNは13桁で入力してください。',\n            'isbn.unique' => 'そのISBNは既に使用されています。',\n            'published_date.required' => '出版日は必須です。',\n            'published_date.date' => '出版日は有効な日付形式で入力してください。',\n            'description.string' => '説明は文字列で入力してください。',\n            'image_url.url' => '画像URLは有効なURL形式で入力してください。',\n            'image_url.max' => '画像URLは255文字以内で入力してください。',\n            'genres.required' => 'ジャンルは1つ以上選択してください。',\n            'genres.array' => 'ジャンルは配列で入力してください。',\n            'genres.*.exists' => '選択されたジャンルは存在しません。',\n        ];\n    }	要判断		🟡 Chapter 06 UpdateBookRequest messages 同上
Chapter 06: アプリケーションの中核 - 書籍管理機能CRUDを実装する	✅ 動作確認	書籍編集・削除	自分が登録した書籍のみ編集・削除できること	自分が登録した書籍のみ編集・削除できること\n他ユーザーは403エラー	完了		Chapter 06 動作確認 書籍編集・削除 wording 整理は既存で対応（「自分が登録した書籍のみ編集・削除できること」現状で意図伝わる）
Chapter 06: アプリケーションの中核 - 書籍管理機能CRUDを実装する	✅ 動作確認	バリデーション	空のフォームを送信し、日本語エラーが表示されること	空のフォームや不正な値を送信し、日本語エラーが表示されること	完了		Chapter 06 動作確認 バリデーション wording 整理は既存で対応
Chapter 07: 親子の絆 - レビュー機能を実装する	要件の確認	バリデーションルール/エラーメッセージ	エラーメッセージ	エラーメッセージ（詳細は基本機能編_完全手順書.mdを参照）	対応不要	エラーメッセージは完全手順書に記載があるためこちらでは一部のみ記載という方針でしょうか？\nその場合、補足をしておくと良さそうです。	Chapter 07 バリデーションエラーメッセージ補足は採点者「補足」提案、現状で対応
Chapter 07: 親子の絆 - レビュー機能を実装する	コードの実装			app/Policies/ReviewPolicy.php\n\n<?php\n\nnamespace App\Policies;\n\nuse App\Models\Review;\nuse App\Models\User;\n\nclass ReviewPolicy\n{\n    public function update(User $user, Review $review): bool\n    {\n        return $user->id === $review->user_id;\n    }\n\n    public function delete(User $user, Review $review): bool\n    {\n        return $user->id === $review->user_id;\n    }\n}	要判断		🟡 Chapter 07 ReviewPolicy.php のコード追記。Phase 2B/1B で判断
Chapter 07: 親子の絆 - レビュー機能を実装する	コードの実装	FormRequest（StoreReviewRequest / UpdateReviewRequest）		sail artisan make:request StoreReviewRequest\nsail artisan make:request UpdateReviewRequest	要判断	作成コマンドがなさそうです。	🟡 Chapter 07 FormRequest 作成コマンド追記。Phase 2B/1B
Chapter 07: 親子の絆 - レビュー機能を実装する	コードの実装	FormRequest（StoreReviewRequest / UpdateReviewRequest）	public function rules(): array\n{\n    return [\n        'rating' => ['required', 'integer', 'min:1', 'max:5'],\n        'comment' => ['required', 'string', 'max:1000'],\n    ];\n}\n\npublic function messages(): array\n{\n    return [\n        'rating.required' => '評価は必須です。',\n        'rating.integer' => '評価は整数で入力してください。',\n        'rating.min' => '評価は1〜5の整数で入力してください。',\n        'rating.max' => '評価は1〜5の整数で入力してください。',\n        'comment.required' => 'コメントは必須です。',\n        'comment.string' => 'コメントは文字列で入力してください。',\n        'comment.max' => 'コメントは1000文字以内で入力してください。',\n    ];\n}	<?php\n\nnamespace App\Http\Requests;\n\nuse Illuminate\Foundation\Http\FormRequest;\n\nclass StoreReviewRequest extends FormRequest\n{\n    public function authorize(): bool\n    {\n        return true;\n    }\n\n    public function rules(): array\n    {\n        return [\n            'rating' => ['required', 'integer', 'min:1', 'max:5'],\n            'comment' => ['required', 'string', 'max:1000'],\n        ];\n    }\n\n    public function messages(): array\n    {\n        return [\n            'rating.required' => '評価は必須です。',\n            'rating.integer' => '評価は整数で入力してください。',\n            'rating.min' => '評価は1〜5の整数で入力してください。',\n            'rating.max' => '評価は1〜5の整数で入力してください。',\n            'comment.required' => 'コメントは必須です。',\n            'comment.string' => 'コメントは文字列で入力してください。',\n            'comment.max' => 'コメントは1000文字以内で入力してください。',\n        ];\n    }\n}	要判断	他の箇所と統一して、全体コードに修正をお願いします。	🟡 Chapter 07 StoreReviewRequest 完全コード化（namespace ヘッダー含む）。Phase 2B/1B
Chapter 07: 親子の絆 - レビュー機能を実装する	✅ 動作確認			4. バリデーション\n空のフォームや不正な値を送信し、日本語エラーが表示されること	完了		Chapter 07 動作確認バリデーション項目は完全手順書/Chapter 内既存記述で対応
Chapter 12: もう一つのCRUD - ジャンル管理機能を実装する	コードの実装	FormRequest		sail artisan make:request StoreGenreRequest\nsail artisan make:request UpdateGenreRequest	完了	作成コマンドがなさそうです。	Chapter 12 FormRequest 作成コマンド `sail artisan make:request StoreGenreRequest / UpdateGenreRequest` は既存（line 87）
Chapter 12: もう一つのCRUD - ジャンル管理機能を実装する	コードの実装	app/Http/Requests/StoreGenreRequest.php	<?php\n\nnamespace App\Http\Requests;\n\nuse Illuminate\Foundation\Http\FormRequest;\n\nclass StoreGenreRequest extends FormRequest\n{\n    public function authorize(): bool\n    {\n        return true;\n    }\n\n    public function rules(): array\n    {\n        return [\n            'name' => ['required', 'string', 'max:255', 'unique:genres,name'],\n        ];\n    }\n\n    public function messages(): array\n    {\n        return [\n            'name.required' => 'ジャンル名は必須です。',\n            'name.max' => 'ジャンル名は255文字以内で入力してください。',\n            'name.unique' => 'そのジャンル名は既に使用されています。',\n        ];\n    }\n}	<?php\n\nnamespace App\Http\Requests;\n\nuse Illuminate\Foundation\Http\FormRequest;\n\nclass StoreGenreRequest extends FormRequest\n{\n    public function authorize(): bool\n    {\n        return true;\n    }\n\n    public function rules(): array\n    {\n        return [\n            'name' => ['required', 'string', 'max:255', 'unique:genres,name'],\n        ];\n    }\n\n    public function messages(): array\n    {\n        return [\n            'name.required' => 'ジャンル名は必須です。',\n            'name.string' => 'ジャンル名は文字列で入力してください。',\n            'name.max' => 'ジャンル名は255文字以内で入力してください。',\n            'name.unique' => 'そのジャンル名は既に使用されています。',\n        ];\n    }\n}\n	完了	public function messages():部分に\n\n'name.string' => 'ジャンル名は文字列で入力してください。',\n\nがなさそうです。追加をお願いいたします。	Chapter 12 StoreGenreRequest messages に 'name.string' メッセージ既存
Chapter 12: もう一つのCRUD - ジャンル管理機能を実装する	コードの実装	app/Http/Requests/UpdateGenreRequest.php	<?php\n\nnamespace App\Http\Requests;\n\nuse Illuminate\Foundation\Http\FormRequest;\nuse Illuminate\Validation\Rule;\n\nclass UpdateGenreRequest extends FormRequest\n{\n    public function authorize(): bool\n    {\n        return true;\n    }\n\n    public function rules(): array\n    {\n        return [\n            'name' => ['required', 'string', 'max:255', Rule::unique('genres')->ignore($this->genre)],\n        ];\n    }\n\n    public function messages(): array\n    {\n        return [\n            'name.required' => 'ジャンル名は必須です。',\n            'name.max' => 'ジャンル名は255文字以内で入力してください。',\n            'name.unique' => 'そのジャンル名は既に使用されています。',\n        ];\n    }\n}	<?php\n\nnamespace App\Http\Requests;\n\nuse Illuminate\Foundation\Http\FormRequest;\nuse Illuminate\Validation\Rule;\n\nclass UpdateGenreRequest extends FormRequest\n{\n    public function authorize(): bool\n    {\n        return true;\n    }\n\n    public function rules(): array\n    {\n        return [\n            'name' => ['required', 'string', 'max:255', Rule::unique('genres')->ignore($this->genre)],\n        ];\n    }\n\n    public function messages(): array\n    {\n        return [\n            'name.required' => 'ジャンル名は必須です。',\n            'name.string' => 'ジャンル名は文字列で入力してください。',\n            'name.max' => 'ジャンル名は255文字以内で入力してください。',\n            'name.unique' => 'そのジャンル名は既に使用されています。',\n        ];\n    }\n}\n	完了	public function messages():部分に\n\n'name.string' => 'ジャンル名は文字列で入力してください。',\n\nがなさそうです。追加をお願いいたします。	Chapter 12 UpdateGenreRequest messages に 'name.string' メッセージ既存
Chapter 13: Web を超えて - 公開APIの実装	コードの実装	API コントローラー (app/Http/Controllers/Api/V1/BookController.php)		php artisan make:controller Api/V1/BookController	完了	作成コマンドがなさそうです。	Chapter 13 API コントローラー作成コマンド `sail artisan make:controller Api/V1/BookController` 既存（line 498）
Chapter 13: Web を超えて - 公開APIの実装	コードの実装	API Resource (app/Http/Resources/Api/V1/BookResource.php)		php artisan make:resource Api/V1/BookResource	完了	作成コマンドがなさそうです。	Chapter 13 API Resource 作成コマンド `sail artisan make:resource Api/V1/BookResource` 既存（line 386）
Chapter 14: 品質の番人 - 基本機能のテスト	テスト環境の準備	テスト用データベース（phpunit.xml）		<env name="DB_CONNECTION" value="sqlite"/>\n<env name="DB_DATABASE" value=":memory:"/>	完了	模範解答が\n<env name="DB_DATABASE" value="testing"/>\nになっています。	Chapter 14 phpunit.xml の DB_CONNECTION/sqlite + DB_DATABASE/:memory: を DB_DATABASE/testing に変更（basic 模範解答整合）。ポイント説明もテスト専用DB 説明に更新
Chapter 14: 品質の番人 - 基本機能のテスト	コードの実装	Unit テスト		<?php\n\nnamespace Tests\Unit;\n\nuse App\Models\Book;\nuse App\Models\Review;\nuse App\Models\User;\nuse Illuminate\Foundation\Testing\RefreshDatabase;\nuse Tests\TestCase;\n\nclass ReviewModelTest extends TestCase\n{\n    use RefreshDatabase;\n\n    public function test_review_relationships_are_defined(): void\n    {\n        $author = User::factory()->create();\n        $book = Book::factory()->for($author)->create();\n        $review = Review::factory()->for($book)->for($author)->create();\n        $liker = User::factory()->create();\n        $review->likedByUsers()->attach($liker->id);\n\n        $this->assertTrue($review->user->is($author));\n        $this->assertTrue($review->book->is($book));\n        $this->assertTrue($review->likedByUsers->contains($liker));\n    }\n}\n	完了	ReviewModelTestの表示がありません。\nなくてもいいのでしょうか？	Chapter 14 ReviewModelTest は既存（line 270 以降）。表示問題なし
Chapter 14: 品質の番人 - 基本機能のテスト	コードの実装	Feature テスト（主要なもの抜粋）	tests/Feature/BookControllerTest.php	tests/Feature/BookControllerTest.php（抜粋）	完了		Chapter 14 Feature テスト tests/Feature/BookControllerTest 表示は既存
Chapter 14: 品質の番人 - 基本機能のテスト	コードの実装	Feature テスト（主要なもの抜粋）	tests/Feature/FavoriteTest.php	tests/Feature/FavoriteTest.php（抜粋）	完了		Chapter 14 Feature テスト tests/Feature/FavoriteTest 表示は既存（line 610）
